{
    "RunRight":{
        "Frame0":[1.0,256.0,256.0,1.0],"Frame1":[257.0,256.0,512.0,1.0],"Frame2":[513.0,256.0,768.0,1.0],"Frame3":[769.0,256.0,1024.0,1.0],"Frame4":[1025.0,256.0,1280.0,1.0],
        "Frame5":[1281.0,256.0,1536.0,1.0],"Frame6":[1537.0,256.0,1792.0,1.0],"Frame7":[1793.0,256.0,2048.0,1.0],
        "NumFrames":8,"Repeating":true,"SecsPerFrame":0.08333333333333333
    },
    "RunLeft":{
        "Frame0":[1.0,512.0,256.0,257.0],"Frame1":[257.0,512.0,512.0,257.0],"Frame2":[513.0,512.0,768.0,257.0],"Frame3":[769.0,512.0,1024.0,257.0],"Frame4":[1025.0,512.0,1280.0,257.0],
        "Frame5":[1281.0,512.0,1536.0,257.0],"Frame6":[1537.0,512.0,1792.0,257.0],"Frame7":[1793.0,512.0,2048.0,257.0],
        "NumFrames":8,"Repeating":true,"SecsPerFrame":0.08333333333333333
    },
    "JumpRight":{
        "Frame0":[1.0,768.0,256.0,513.0],
        "NumFrames":1,"Repeating":true,"SecsPerFrame":0.08333333333333333
    },
    "JumpLeft":{
        "Frame0":[1.0,1024.0,256.0,769.0],
        "NumFrames":1,"Repeating":true,"SecsPerFrame":0.08333333333333333
    },
    "IdleRight":{
        "Frame0":[1.0,1280.0,256.0,1025.0],
        "NumFrames":1,"Repeating":true,"SecsPerFrame":0.08333333333333333
    },
    "IdleLeft":{
        "Frame0":[1.0,1536.0,256.0,1281.0],
        "NumFrames":1,"Repeating":true,"SecsPerFrame":0.08333333333333333
    }
}
