{
    "RunRight":{
        "Frame0":[1.0,256.0,256.0,1.0],"Frame1":[257.0,256.0,512.0,1.0],"Frame2":[513.0,256.0,768.0,1.0],"Frame3":[769.0,256.0,1024.0,1.0],"Frame4":[1025.0,256.0,1280.0,1.0],
        "Frame5":[1281.0,256.0,1536.0,1.0],"Frame6":[1537.0,256.0,1792.0,1.0],"Frame7":[1793.0,256.0,2048.0,1.0],
        "NumFrames":8,"Repeating":true,"SecsPerFrame":0.08333333333333333
    },
    "RunLeft":{
        "Frame0":[1.0,512.0,256.0,257.0],"Frame1":[257.0,512.0,512.0,257.0],"Frame2":[513.0,512.0,768.0,257.0],"Frame3":[769.0,512.0,1024.0,257.0],"Frame4":[1025.0,512.0,1280.0,257.0],
        "Frame5":[1281.0,512.0,1536.0,257.0],"Frame6":[1537.0,512.0,1792.0,257.0],"Frame7":[1793.0,512.0,2048.0,257.0],
        "NumFrames":8,"Repeating":true,"SecsPerFrame":0.08333333333333333
    },
    "JumpRight":{
        "Frame0":[1.0,768.0,256.0,513.0],"Frame1":[257.0,768.0,512.0,513.0],"Frame2":[513.0,768.0,768.0,513.0],"Frame3":[769.0,768.0,1024.0,513.0],"Frame4":[1025.0,768.0,1280.0,513.0],
        "Frame5":[1281.0,768.0,1536.0,513.0],"Frame6":[1537.0,768.0,1792.0,513.0],"Frame7":[1793.0,768.0,2048.0,513.0],
        "NumFrames":8,"Repeating":true,"SecsPerFrame":0.08333333333333333
    },
    "JumpLeft":{
        "Frame0":[1.0,1024.0,256.0,769.0],"Frame1":[257.0,1024.0,512.0,769.0],"Frame2":[513.0,1024.0,768.0,769.0],"Frame3":[769.0,1024.0,1024.0,769.0],"Frame4":[1025.0,1024.0,1280.0,769.0],
        "Frame5":[1281.0,1024.0,1536.0,769.0],"Frame6":[1537.0,1024.0,1792.0,769.0],"Frame7":[1793.0,1024.0,2048.0,769.0],
        "NumFrames":8,"Repeating":true,"SecsPerFrame":0.08333333333333333
    },
    "IdleRight":{
        "Frame0":[1.0,1280.0,256.0,1025.0],"Frame1":[257.0,1280.0,512.0,1025.0],"Frame2":[513.0,1280.0,768.0,1025.0],"Frame3":[769.0,1280.0,1024.0,1025.0],"Frame4":[1025.0,1280.0,1280.0,1025.0],
        "Frame5":[1281.0,1280.0,1536.0,1025.0],"Frame6":[1537.0,1280.0,1792.0,1025.0],"Frame7":[1793.0,1280.0,2048.0,1025.0],
        "NumFrames":8,"Repeating":true,"SecsPerFrame":0.08333333333333333
    },
    "IdleLeft":{
        "Frame0":[1.0,1536.0,256.0,1281.0],"Frame1":[257.0,1536.0,512.0,1281.0],"Frame2":[513.0,1536.0,768.0,1281.0],"Frame3":[769.0,1536.0,1024.0,1281.0],"Frame4":[1025.0,1536.0,1280.0,1281.0],
        "Frame5":[1281.0,1536.0,1536.0,1281.0],"Frame6":[1537.0,1536.0,1792.0,1281.0],"Frame7":[1793.0,1536.0,2048.0,1281.0],
        "NumFrames":8,"Repeating":true,"SecsPerFrame":0.08333333333333333
    },
    "RunRightAttack":{
        "Frame0":[1.0,1792.0,256.0,1537.0],"Frame1":[257.0,1792.0,512.0,1537.0],"Frame2":[513.0,1792.0,768.0,1537.0],"Frame3":[769.0,1792.0,1024.0,1537.0],"Frame4":[1025.0,1792.0,1280.0,1537.0],
        "Frame5":[1281.0,1792.0,1536.0,1537.0],"Frame6":[1537.0,1792.0,1792.0,1537.0],"Frame7":[1793.0,1792.0,2048.0,1537.0],
        "NumFrames":8,"Repeating":true,"SecsPerFrame":0.08333333333333333
    },
    "RunLeftAttack":{
        "Frame0":[1.0,2048.0,256.0,1793.0],"Frame1":[257.0,2048.0,512.0,1793.0],"Frame2":[513.0,2048.0,768.0,1793.0],"Frame3":[769.0,2048.0,1024.0,1793.0],"Frame4":[1025.0,2048.0,1280.0,1793.0],
        "Frame5":[1281.0,2048.0,1536.0,1793.0],"Frame6":[1537.0,2048.0,1792.0,1793.0],"Frame7":[1793.0,2048.0,2048.0,1793.0],
        "NumFrames":8,"Repeating":true,"SecsPerFrame":0.08333333333333333
    },
    "JumpRightAttack":{
        "Frame0":[1.0,2304.0,256.0,2049.0],"Frame1":[257.0,2304.0,512.0,2049.0],"Frame2":[513.0,2304.0,768.0,2049.0],"Frame3":[769.0,2304.0,1024.0,2049.0],"Frame4":[1025.0,2304.0,1280.0,2049.0],
        "Frame5":[1281.0,2304.0,1536.0,2049.0],"Frame6":[1537.0,2304.0,1792.0,2049.0],"Frame7":[1793.0,2304.0,2048.0,2049.0],
        "NumFrames":8,"Repeating":true,"SecsPerFrame":0.08333333333333333
    },
    "JumpLeftAttack":{
        "Frame0":[1.0,2560.0,256.0,2305.0],"Frame1":[257.0,2560.0,512.0,2305.0],"Frame2":[513.0,2560.0,768.0,2305.0],"Frame3":[769.0,2560.0,1024.0,2305.0],"Frame4":[1025.0,2560.0,1280.0,2305.0],
        "Frame5":[1281.0,2560.0,1536.0,2305.0],"Frame6":[1537.0,2560.0,1792.0,2305.0],"Frame7":[1793.0,2560.0,2048.0,2305.0],
        "NumFrames":8,"Repeating":true,"SecsPerFrame":0.08333333333333333
    },
    "IdleRightAttack":{
        "Frame0":[1.0,2816.0,256.0,2561.0],"Frame1":[257.0,2816.0,512.0,2561.0],"Frame2":[513.0,2816.0,768.0,2561.0],"Frame3":[769.0,2816.0,1024.0,2561.0],"Frame4":[1025.0,2816.0,1280.0,2561.0],
        "Frame5":[1281.0,2816.0,1536.0,2561.0],"Frame6":[1537.0,2816.0,1792.0,2561.0],"Frame7":[1793.0,2816.0,2048.0,2561.0],
        "NumFrames":8,"Repeating":true,"SecsPerFrame":0.08333333333333333
    },
    "IdleLeftAttack":{
        "Frame0":[1.0,3072.0,256.0,2817.0],"Frame1":[257.0,3072.0,512.0,2817.0],"Frame2":[513.0,3072.0,768.0,2817.0],"Frame3":[769.0,3072.0,1024.0,2817.0],"Frame4":[1025.0,3072.0,1280.0,2817.0],
        "Frame5":[1281.0,3072.0,1536.0,2817.0],"Frame6":[1537.0,3072.0,1792.0,2817.0],"Frame7":[1793.0,3072.0,2048.0,2817.0],
        "NumFrames":8,"Repeating":true,"SecsPerFrame":0.08333333333333333
    },
    "RunRightBlock":{
        "Frame0":[1.0,3328.0,256.0,3073.0],"Frame1":[257.0,3328.0,512.0,3073.0],"Frame2":[513.0,3328.0,768.0,3073.0],"Frame3":[769.0,3328.0,1024.0,3073.0],"Frame4":[1025.0,3328.0,1280.0,3073.0],
        "Frame5":[1281.0,3328.0,1536.0,3073.0],"Frame6":[1537.0,3328.0,1792.0,3073.0],"Frame7":[1793.0,3328.0,2048.0,3073.0],
        "NumFrames":8,"Repeating":true,"SecsPerFrame":0.08333333333333333
    },
    "RunLeftBlock":{
        "Frame0":[1.0,3584.0,256.0,3329.0],"Frame1":[257.0,3584.0,512.0,3329.0],"Frame2":[513.0,3584.0,768.0,3329.0],"Frame3":[769.0,3584.0,1024.0,3329.0],"Frame4":[1025.0,3584.0,1280.0,3329.0],
        "Frame5":[1281.0,3584.0,1536.0,3329.0],"Frame6":[1537.0,3584.0,1792.0,3329.0],"Frame7":[1793.0,3584.0,2048.0,3329.0],
        "NumFrames":8,"Repeating":true,"SecsPerFrame":0.08333333333333333
    },
    "JumpRightBlock":{
        "Frame0":[1.0,3840.0,256.0,3585.0],"Frame1":[257.0,3840.0,512.0,3585.0],"Frame2":[513.0,3840.0,768.0,3585.0],"Frame3":[769.0,3840.0,1024.0,3585.0],"Frame4":[1025.0,3840.0,1280.0,3585.0],
        "Frame5":[1281.0,3840.0,1536.0,3585.0],"Frame6":[1537.0,3840.0,1792.0,3585.0],"Frame7":[1793.0,3840.0,2048.0,3585.0],
        "NumFrames":8,"Repeating":true,"SecsPerFrame":0.08333333333333333
    },
    "JumpLeftBlock":{
        "Frame0":[1.0,4096.0,256.0,3841.0],"Frame1":[257.0,4096.0,512.0,3841.0],"Frame2":[513.0,4096.0,768.0,3841.0],"Frame3":[769.0,4096.0,1024.0,3841.0],"Frame4":[1025.0,4096.0,1280.0,3841.0],
        "Frame5":[1281.0,4096.0,1536.0,3841.0],"Frame6":[1537.0,4096.0,1792.0,3841.0],"Frame7":[1793.0,4096.0,2048.0,3841.0],
        "NumFrames":8,"Repeating":true,"SecsPerFrame":0.08333333333333333
    },
    "IdleRightBlock":{
        "Frame0":[1.0,4352.0,256.0,4097.0],"Frame1":[257.0,4352.0,512.0,4097.0],"Frame2":[513.0,4352.0,768.0,4097.0],"Frame3":[769.0,4352.0,1024.0,4097.0],"Frame4":[1025.0,4352.0,1280.0,4097.0],
        "Frame5":[1281.0,4352.0,1536.0,4097.0],"Frame6":[1537.0,4352.0,1792.0,4097.0],"Frame7":[1793.0,4352.0,2048.0,4097.0],
        "NumFrames":8,"Repeating":true,"SecsPerFrame":0.08333333333333333
    },
    "IdleLeftBlock":{
        "Frame0":[1.0,4608.0,256.0,4353.0],"Frame1":[257.0,4608.0,512.0,4353.0],"Frame2":[513.0,4608.0,768.0,4353.0],"Frame3":[769.0,4608.0,1024.0,4353.0],"Frame4":[1025.0,4608.0,1280.0,4353.0],
        "Frame5":[1281.0,4608.0,1536.0,4353.0],"Frame6":[1537.0,4608.0,1792.0,4353.0],"Frame7":[1793.0,4608.0,2048.0,4353.0],
        "NumFrames":8,"Repeating":true,"SecsPerFrame":0.08333333333333333
    }
}